NodeIdentifier, Zone, PickupType, PickupDetails, UberGroup, UberId, UberStateValue, X, Y, MapX, MapY
Marsh.Spawn.LeftHF, Marsh, HealthFragment, , 21786, 60210, , -958.6, -4313.2, -958.6199, -4312.245
Marsh.Spawn.RightSL, Marsh, SpiritLight, 50, 21786, 49485, , -764.1, -4313.4, -764.07, -4313.3604
Marsh.Spawn.GrappleHF, Marsh, HealthFragment, , 21786, 25761, , -718.5, -4277.9, -718.4848, -4276.8516
Marsh.CollapsingLog.HiddenSL, Marsh, SpiritLight, 50, 21786, 6987, , -739.6, -4324.3, -739.64703, -4324.341
Marsh.CollapsingLog.Shard, Marsh, Shard, Resilience, 23987, 59173, , -791.0, -4334.0, -791.0159, -4333.0396
Marsh.CollapsingLog.SwimOre, Marsh, GorlekOre, , 21786, 29892, , -810.9, -4334.6, -810.91595, -4334.57
Marsh.CollapsingLog.BashEF, Marsh, EnergyFragment, , 21786, 7152, , -667.8, -4329.7, -667.8059, -4328.67
Marsh.CollapsingLog.LupoSL, Marsh, SpiritLight, 50, 9593, 5929, , -656.8, -4342.1, -656.7713, -4342.064
Marsh.LupoMap, Marsh, Lupo, Marsh, 48248, 18767, , -589, -4348, -589, -4348
Marsh.RegenerateTree, Marsh, Skill, Regenerate, 0, 77, , -539, -4406, -540.16003, -4400.4663
Marsh.HowlDoor.LeverEF, Marsh, EnergyFragment, , 21786, 17920, , -625.9, -4418.0, -625.87, -4417.03
Marsh.TokkCave.SlimeSL, Marsh, SpiritLight, 50, 21786, 59513, , -755.8, -4422.9, -755.80414, -4422.9463
Marsh.TokkCave.LizardSL, Marsh, SpiritLight, 50, 9593, 42047, , -783.3, -4452.0, -783.30786, -4451.996
Marsh.TokkCave.LeftKS, Marsh, Keystone, , 21786, 64677, , -851.8, -4403.2, -851.8496, -4403.1885
Marsh.MissingKey.Reward, Marsh, QuestItem, Keystone, 48248, 51645, 3, -695, -4417, -692, -4415.9
Marsh.TokkCave.Ore, Marsh, GorlekOre, , 9593, 23858, , -858.0, -4422.2, -858.04, -4422.17
Marsh.LongSwimSL, Marsh, SpiritLight, 100, 21786, 23154, , -837.5, -4314.6, -837.45593, -4314.53
Marsh.Sand.Ore, Marsh, GorlekOre, , 9593, 20382, , -935.1, -4356.8, -935.05, -4356.8
Marsh.Sand.ArenaShard, Marsh, Shard, LifePact, 23987, 50415, , -916.7, -4398.3, -916.65, -4397.33
Marsh.BellsApproach.LedgeSL, Marsh, SpiritLight, 50, 24922, 32076, , -1002.0, -4450.8, -1002.0159, -4450.79
Marsh.Bells.CrusherSwimSL, Marsh, SpiritLight, 200, 24922, 62138, , -979.7, -4509.3, -979.67, -4509.34
Marsh.IntoBurrows.Reward, Marsh, QuestItem, 1000 SpiritLight, 48248, 18458, 4, -932, -4494, -928.5, -4491.8
Marsh.Howl.Shard, Marsh, Shard, Reckless, 23987, 9864, , -499.2, -4411.0, -499.24, -4409.98
Marsh.Howl.DenEntranceSL, Marsh, SpiritLight, 50, 21786, 43668, , -434.3, -4419.8, -434.31998, -4419.7603
Marsh.Howl.FangEF, Marsh, EnergyFragment, , 21786, 61706, , -233.4, -4384.4, -233.37244, -4383.35
Marsh.LittleBraver.Fang, Marsh, QuestItem, Fang, 14019, 27539, , -221.9, -4406.5, -221.93663, -4406.473
Marsh.LittleBraver.Reward, Marsh, QuestItem, GorlekOre, 14019, 15983, 3, -391, -4414, -388.5, -4412.6
Marsh.AncestralLightTree, Marsh, Skill, AncestralLight, 0, 121, , -840, -4488, -840.43994, -4484.155
Marsh.LeftPoolsPath.SL, Marsh, SpiritLight, 200, 21786, 21727, , -1014.5, -4268.0, -1014.5, -4268
Burrows.SpikesKS, Burrows, Keystone, , 24922, 60358, , -799.5, -4579.5, -799.54, -4579.5
Burrows.DenWallKS, Burrows, Keystone, , 24922, 47244, , -597.4, -4548.3, -597.37006, -4548.3047
Burrows.PortalTunnelKS, Burrows, Keystone, , 24922, 34250, , -725.2, -4520.3, -725.24506, -4520.34
Burrows.LeverKS, Burrows, Keystone, , 24922, 33535, , -703.8, -4607.2, -703.79, -4607.195
Burrows.LupoMap, Burrows, Lupo, Burrows, 48248, 45538, , -870, -4555, -870, -4555
Burrows.Shard, Burrows, Shard, Deflector, 24922, 46311, , -773.6, -4527.5, -773.63, -4526.525
Burrows.IntoBurrows.Tablet, Burrows, QuestItem, Tablet, 14019, 52747, , -848.7, -4529.1, -848.74, -4529.09
Marsh.Den.ExitLoopHF, Marsh, HealthFragment, , 21786, 28908, , -332.3, -4438.6, -332.26, -4437.58
Marsh.Den.SecretHF, Marsh, HealthFragment, , 9593, 61304, , -569.7, -4454.1, -569.7299, -4453.08
Marsh.Den.AboveDoorKS, Marsh, Keystone, , 21786, 22068, , -439.5, -4461.4, -439.52002, -4461.38
Marsh.SwordTree.Shard, Marsh, Shard, Magnet, 21786, 63545, , -239.2, -4440.4, -239.20001, -4439.38
Marsh.SwordTree, Marsh, Skill, Sword, 0, 100, , -296, -4483, -296, -4478
Marsh.Den.BoneOre, Marsh, GorlekOre, , 21786, 2046, , -432.6, -4503.3, -432.58002, -4503.26
Marsh.Den.AboveTPSL, Marsh, SpiritLight, 50, 21786, 16206, , -388.6, -4502.7, -388.58002, -4502.74
Marsh.Den.LaserKS, Marsh, Keystone, , 21786, 2852, , -399.9, -4567.2, -399.94, -4567.21
Marsh.Den.CombatShrine, Marsh, ShardSlot, , 24922, 13993, , -328.1, -4565.5, -328.07, -4564.52
Marsh.DoubleJumpTree.SL, Marsh, SpiritLight, 50, 9593, 17818, , -507.9, -4536.6, -507.89798, -4536.5684
Marsh.DoubleJumpTree.Shard, Marsh, Shard, Sticky, 23987, 27134, , -547.8, -4529.3, -547.82, -4528.2896
Marsh.DoubleJumpTree, Marsh, Skill, DoubleJump, 0, 5, , -555, -4551, -555.25, -4546.7656
Marsh.Trial.LeftLS, Marsh, SpiritLight, 100, 9593, 5253, , -527.9, -4354.1, -527.93005, -4354.1196
Marsh.Trial.Ore, Marsh, GorlekOre, , 9593, 25989, , -501.5, -4340.0, -501.49002, -4340.0293
Marsh.Trial.EF, Marsh, EnergyFragment, , 9593, 27562, , -473.8, -4339.6, -473.83002, -4338.5796
Marsh.Trial.MantisLureHF, Marsh, HealthFragment, , 21786, 20194, , -437.7, -4380.8, -437.67, -4379.8403
Marsh.Trial.MantisLureSL, Marsh, SpiritLight, 100, 21786, 10413, , -344.1, -4356.9, -344.07, -4356.92
Marsh.SpiritTrial, Marsh, RaceStart, 1000, 44964, 45951, 2, -614, -4319, -614.2, -4317.2
Marsh.Trial.CombatShrine, Marsh, ShardSlot, , 21786, 18109, , -382.6, -4338.3, -382.63397, -4337.3223
Marsh.OpherRoom.SwingPoleSL, Marsh, SpiritLight, 50, 9593, 59344, , -492.7, -4261.3, -492.66, -4261.27
Marsh.LeftEyestone, Marsh, Keystone, Eyestone, 21786, 27433, , -461.3, -4195.3, -461.27002, -4195.29
Marsh.RightEyestone, Marsh, Keystone, Eyestone, 21786, 37225, , -394.0, -4188.3, -393.96918, -4188.325
Marsh.BowTree.EF, Marsh, EnergyFragment, , 21786, 10295, , -421.5, -4272.4, -421.49, -4271.3896
Marsh.BowTree, Marsh, Skill, Bow, 0, 97, , -457, -4267, -457.04626, -4261.291
Marsh.OpherRoom.CeilingSL, Marsh, SpiritLight, 100, 21786, 50255, , -641.3, -4223.0, -641.2577, -4223.0117
Marsh.UpperPoolsPath.EF, Marsh, EnergyFragment, , 9593, 26457, , -662.8, -4186.5, -662.76996, -4185.5103
Marsh.UpperPoolsPath.SL, Marsh, SpiritLight, 200, 945, 10833, , -802.3, -4186.1, -802.3163, -4186.148
Hollow.TwillenRoom.HF, Hollow, HealthFragment, , 937, 61897, , -254.6, -4224.1, -254.58763, -4223.121
Hollow.Drain.SecondLeverSL, Hollow, SpiritLight, 50, 937, 16163, , -357.7, -4294.4, -357.67212, -4294.3525
Hollow.Drain.RockPuzzleSL, Hollow, SpiritLight, 50, 937, 2538, , -296.9, -4292.9, -296.9477, -4292.9487
Hollow.Drain.BreakWallEF, Hollow, EnergyFragment, , 937, 8518, , -238.4, -4301.5, -238.39, -4300.48
Hollow.Drain.CrushersShard, Hollow, Shard, Quickshot, 23987, 61017, , -311.2, -4325.5, -311.181, -4324.4873
Hollow.SwimEF, Hollow, EnergyFragment, , 937, 24175, , -177.8, -4354.2, -177.8136, -4353.2246
Hollow.LupoMap, Hollow, Lupo, Hollow, 48248, 3638, , -146, -4321, -146, -4321
Hollow.Trial.HF, Hollow, HealthFragment, , 937, 2463, , -122.0, -4268.2, -121.979996, -4267.23
Hollow.SpiritTrial, Hollow, RaceStart, 1000, 44964, 25545, 2, -115, -4259, -115, -4257.2
Hollow.Trial.FallingSlugSL, Hollow, SpiritLight, 50, 937, 48192, , -82.3, -4369.6, -82.32001, -4369.565
Hollow.DashTree.AboveDoorSL, Hollow, SpiritLight, 50, 937, 61744, , -100.0, -4407.2, -99.98999, -4407.225
Hollow.DashTree.VineSL, Hollow, SpiritLight, 50, 937, 37926, , 11.6, -4401.1, 11.600098, -4401.12
Hollow.DashTree.CrusherSL, Hollow, SpiritLight, 200, 937, 50176, , -37.5, -4452.6, -37.47986, -4452.6426
Hollow.DashTree, Hollow, Skill, Dash, 0, 102, , -69, -4453, -69.149994, -4448.132
Hollow.HandToHand.Map, Hollow, QuestItem, Map, 14019, 26318, 1, -110, -4220, -112.2, -4218.3
Hollow.GladesApproach.Ore, Hollow, GorlekOre, , 937, 10729, , -97.6, -4190.1, -97.55, -4190.1
Hollow.Hornbug.CeilingSL, Hollow, SpiritLight, 50, 937, 13413, , -86.0, -4210.3, -86.03, -4210.3
Hollow.Hornbug.LanternsSL, Hollow, SpiritLight, 50, 937, 5568, , -55.3, -4200.8, -55.270004, -4200.82
Hollow.KwolokApproach.LeftSL, Hollow, SpiritLight, 100, 937, 45987, , 8.9, -4197.7, 8.927444, -4197.656
Hollow.KwolokApproach.RightSL, Hollow, SpiritLight, 100, 937, 19529, , 57.5, -4189.3, 57.47223, -4189.3438
Hollow.BashTreeApproach.EF, Hollow, EnergyFragment, , 937, 23772, , 46.8, -4236.6, 46.772675, -4235.625
Hollow.OutsideDepths.MortarHF, Hollow, HealthFragment, , 13428, 59730, , 84.0, -4263.0, 84.0289, -4262.0195
Hollow.BashTree.SL, Hollow, SpiritLight, 100, 937, 30182, , -31.4, -4302.3, -31.656738, -4301.913
Hollow.BashTree, Hollow, Skill, Bash, 0, 0, , -20, -4326, -20.328445, -4319.618
Hollow.KwoloksWisdom.Reward, Hollow, QuestItem, 500 SpiritLight, 14019, 50597, 4, 240, -4207, 240.1, -4207.5
Hollow.WoodsSwim.MortarSL, Hollow, SpiritLight, 100, 58674, 20983, , 289.0, -4195.7, 289.0374, -4195.708
Hollow.WoodsSwim.EF, Hollow, EnergyFragment, , 58674, 9583, , 331.9, -4191.3, 331.87, -4190.344
Hollow.OutsideDepths.Shard, Hollow, Shard, Splinter, 23987, 62973, , 216.2, -4307.3, 216.17882, -4306.3125
Hollow.Wisp, Hollow, Wisp, Voice, 46462, 59806, , 186, -4213, 180, -4210
Hollow.SilentTeeth.Reward, Hollow, QuestItem, 500 SpiritLight, 937, 34641, 4, 191, -4212, 191.054, -4212.027
Hollow.Kwolok.SwimOre, Hollow, GorlekOre, , 46462, 37897, , 243.4, -4223.5, 243.44835, -4223.517
Hollow.Kwolok.SwimLeftSL, Hollow, SpiritLight, 200, 46462, 29054, , 113.0, -4228.5, 113, -4228.5
Hollow.Kwolok.SwimRightSL, Hollow, SpiritLight, 50, 46462, 20780, , 161.5, -4244.8, 161.49835, -4244.7866
Hollow.OutsideDepths.SL, Hollow, SpiritLight, 100, 18793, 42980, , 130.9, -4272.0, 130.83775, -4271.6465
Glades.HandToHand.Pouch, Glades, QuestItem, Pouch, 14019, 26318, 2, -282, -4155, -285.9, -4153.8
Glades.HandToHand.Lantern, Glades, QuestItem, Lantern, 14019, 26318, 6, -426, -4155, -428.7, -4153.2
Glades.HandToHand.Canteen, Glades, QuestItem, Canteen, 14019, 26318, 9, -410, -4142, -403.2, -4142
Glades.FamilyReunion.Key, Glades, QuestItem, Key, 6, 500, , -385, -4161, -382, -4155.3
Glades.IntoDarkness.Acorn, Glades, QuestItem, Acorn, 14019, 2782, , -10.5, -4549.7, -374, -4183.6
Glades.IntoDarkness.Reward, Glades, QuestItem, 500 SpiritLight, 14019, 33776, 3, -358, -4185, -360.1, -4183.6
Glades.TreeHut.EF, Glades, EnergyFragment, , 42178, 52786, , -116.0, -4538.5, -227.72, -4092.33
Glades.AboveGrom.HF, Glades, HealthFragment, , 44310, 29043, , -326.3, -4102.1, -326.30994, -4101.12
Glades.LupoSwim.HF, Glades, HealthFragment, , 44310, 17523, , -160.4, -4192.2, -160.3623, -4191.1562
Glades.AboveMotay.Ore, Glades, GorlekOre, , 42178, 27110, , -418.4, -4103.5, -418.39633, -4103.5366
Glades.Twillen.BreakFloorOre, Glades, GorlekOre, , 42178, 23125, , -415.7, -4173.6, -415.66016, -4173.553
Glades.AboveGrom.Shard, Glades, Shard, Arcing, 23987, 23015, , -324.4, -4134.1, -324.43, -4133.08
Glades.AboveTokk.Shard, Glades, Shard, Bounty, 23987, 14014, , -247.3, -4105.0, -247.53546, -4103.873
Glades.LupoHome.PotSL, Glades, SpiritLight, 100, 42178, 51468, , -160.8, -4521.3, -212.3, -4162
Glades.LastHut.SL, Glades, SpiritLight, 100, 42178, 13327, , -176.7, -4541.0, -326.2, -4118.47
Glades.MotayHut.SL, Glades, SpiritLight, 100, 42178, 57455, , -172.7, -4583.2, -392.8, -4130.6
Glades.TreeHut.SL, Glades, SpiritLight, 100, 42178, 30520, , -118.5, -4520.3, -220.72, -4090.33
Glades.AboveGrom.SL, Glades, SpiritLight, 100, 42178, 59623, , -373.8, -4102.9, -373.7733, -4102.89
Glades.LupoSwim.CeilingSL, Glades, SpiritLight, 100, 42178, 9780, , -224.4, -4160.6, -224.35947, -4160.638
Glades.OutsideCave.SandSL, Glades, SpiritLight, 100, 42178, 18448, , -307.5, -4166.8, -307.53635, -4166.828
Glades.OutsideTreeHut.SL, Glades, SpiritLight, 100, 42178, 6117, , -232.1, -4106.8, -232.11626, -4106.6367
Glades.FatherMokiHut.SL, Glades, SpiritLight, 100, 42178, 51934, , -119.6, -4558.7, -386.66, -4156.72
Glades.AboveTokk.SL, Glades, SpiritLight, 50, 42178, 42762, , -307.1, -4118.7, -307.31543, -4118.597
Glades.OutsideCave.HiddenSL, Glades, SpiritLight, 50, 42178, 30206, , -364.4, -4171.3, -364.37766, -4171.2876
Glades.LupoSwim.ThornsSL, Glades, SpiritLight, 50, 42178, 37028, , -277.1, -4171.8, -277.13055, -4171.818
Glades.CoalUpdraft.CeilingSL, Glades, SpiritLight, 50, 42178, 63404, , -239.6, -4129.9, -239.55182, -4129.9424
Glades.Veral.LeafPileSL, Glades, SpiritLight, 50, 42178, 44748, , -160.6, -4098.2, -160.66998, -4096.58
Glades.AncestralLightTree, Glades, Skill, AncestralLight, 0, 120, , -368, -4158, -368.17413, -4153.7295
Glades.RebuildGlades.Reward, Glades, QuestItem, 1000 SpiritLight, 14019, 44578, 2, -322, -4153, -328.5, -4150.1
Glades.RoughDiamond.Reward, Glades, QuestItem, Shard, 23987, 14832, , -408, -4162, -406, -4158.9
Glades.RegrowGlades.Reward, Glades, QuestItem, 1000 SpiritLight, 14019, 26394, 2, -173, -4139, -176, -4134.7
Glades.LowerLake.GrappleSL, Glades, SpiritLight, 100, 53632, 12019, , -515.3, -4102.5, -515.32, -4102.47
Glades.LowerLake.CeilingSL, Glades, SpiritLight, 100, 937, 31036, , -586.1, -4090.3, -586.0541, -4090.2927
Glades.LowerLake.SwimSL, Glades, SpiritLight, 50, 937, 40657, , -586.0, -4128.8, -586.03, -4128.8
Glades.UpperLake.SwimSL, Glades, SpiritLight, 100, 937, 45744, , -631.8, -4087.5, -631.78, -4087.51
Glades.LowerLake.SwimEF, Glades, EnergyFragment, , 937, 17761, , -690.3, -4114.5, -690.27, -4113.5
Glades.LowerLake.GrappleOre, Glades, GorlekOre, , 937, 6703, , -690.1, -4097.4, -690.07654, -4097.43
Glades.BetweenLakes.Ore, Glades, GorlekOre, , 937, 11846, , -559.7, -4062.7, -559.67, -4062.74
Glades.Shrine.HF, Glades, HealthFragment, , 44310, 36911, , -688.5, -4007.9, -688.5299, -4006.8901
Glades.CombatShrine, Glades, ShardSlot, , 44310, 9902, , -635.4, -4016.2, -635.35, -4015.19
Wellspring.OutsideRight.Ore, Wellspring, GorlekOre, , 53632, 25556, , -738.7, -4017.7, -738.6675, -4017.652
Wellspring.OutsideRight.EF, Wellspring, EnergyFragment, , 53632, 1911, , -735.3, -3988.3, -735.25366, -3987.25
Wellspring.TrialStart.CeilingSL, Wellspring, SpiritLight, 100, 53632, 51706, , -745.1, -3942.0, -745.0513, -3941.9956
Wellspring.TrialStart.Ore, Wellspring, GorlekOre, , 37858, 58286, , -677.7, -3933.2, -677.7317, -3933.1733
Wellspring.SpiritTrial, Wellspring, RaceStart, 1000, 44964, 11512, 2, -668, -3937, -668.35, -3935.0403
Wellspring.OutsideTopDoor.Shard, Wellspring, Shard, UltraGrapple, 23987, 12104, , -798.7, -3912.2, -798.66003, -3911.1501
Wellspring.OutsideLeftDoor.HF, Wellspring, HealthFragment, , 53632, 17403, , -877.8, -3961.0, -877.8399, -3959.99
Wellspring.OutsideBottomDoor.CeilingSL, Wellspring, SpiritLight, 100, 53632, 42264, , -848.9, -4023.5, -848.91876, -4023.5227
Wellspring.OutsideBottom.WheelSL, Wellspring, SpiritLight, 100, 53632, 6500, , -898.5, -4066.7, -898.4592, -4061.278
Wellspring.OutsideBottom.EF, Wellspring, EnergyFragment, , 53632, 6869, , -857.0, -4115.5, -857.0315, -4114.5103
Wellspring.OutsideLeft.Shard, Wellspring, Shard, LifeHarvest, 23987, 53934, , -999.2, -4029.4, -999.22, -4028.35
Wellspring.Outside.SwimSL, Wellspring, SpiritLight, 100, 53632, 62356, , -824.6, -4084.8, -824.5987, -4084.8445
Wellspring.Outside.SwimOre, Wellspring, GorlekOre, , 53632, 21124, , -760.5, -4093.2, -760.547, -4093.22
Wellspring.LostCompass.Reward, Wellspring, QuestItem, GorlekOre, 14019, 20667, 3, -811, -3973, -805, -3970.9
Wellspring.FirstFloor.Shard, Wellspring, Shard, Thorn, 23987, 31426, , -1375.8, -3994.2, -1375.77, -3993.22
Wellspring.FirstFloor.ShardSL, Wellspring, SpiritLight, 100, 37858, 22107, , -1371.9, -3938.5, -1371.89, -3938.49
Wellspring.FirstFloor.ThreeWheelsSL, Wellspring, SpiritLight, 50, 37858, 45906, , -1247.0, -3926.7, -1247.04, -3926.73
Wellspring.FirstFloor.SwimSwitchSL, Wellspring, SpiritLight, 100, 37858, 45656, , -1197.2, -3971.9, -1197.15, -3971.94
Wellspring.FirstFloor.DrainHF, Wellspring, HealthFragment, , 37858, 25833, , -1168.6, -3989.6, -1168.589, -3988.6418
Wellspring.FirstFloor.DrainSL, Wellspring, SpiritLight, 100, 37858, 41380, , -1063.4, -3961.1, -1063.43, -3961.1272
Wellspring.FirstFloor.PullPoleOre, Wellspring, GorlekOre, , 37858, 58846, , -1077.3, -3936.4, -1077.2742, -3936.3518
Wellspring.FirstFloor.DrainLeverEF, Wellspring, EnergyFragment, , 37858, 57552, , -1109.4, -3864.0, -1109.36, -3862.95
Wellspring.FirstFloor.DrainLeverLeftSL, Wellspring, SpiritLight, 100, 37858, 41911, , -1142.4, -3861.8, -1142.36, -3861.79
Wellspring.LupoMap, Wellspring, Lupo, Wellspring, 48248, 1590, , -1190, -3861, -1190, -3861
Wellspring.FirstFloor.ShortcutSL, Wellspring, SpiritLight, 200, 37858, 33063, , -1227.6, -3910.5, -1227.6171, -3910.532
Wellspring.GrappleTree.SL, Wellspring, SpiritLight, 100, 37858, 31136, , -1307.6, -3884.3, -1307.8835, -3883.543
Wellspring.GrappleTree, Wellspring, Skill, Grapple, 0, 57, , -1309, -3905, -1309.2, -3899.3662
Wellspring.SecondFloor.EntranceLeftSL, Wellspring, SpiritLight, 200, 37858, 64086, , -1236.5, -3739.3, -1236.5, -3739.34
Wellspring.HandToHand.Herbs, Wellspring, QuestItem, Herbs, 14019, 26318, 3, -1168, -3733, -1165.6, -3730.9
Wellspring.RotatingRoom.SL, Wellspring, SpiritLight, 100, 37858, 52110, , -1151.4, -3840.1, -1151.4448, -3840.1448
Wellspring.RotatingRoom.Ore, Wellspring, GorlekOre, , 37858, 47533, , -1178.0, -3755.0, -1178.03, -3755.02
Wellspring.LostCompass.Needle, Wellspring, QuestItem, Needle, 53632, 41227, , -1185.5, -3696.3, -1185.467, -3696.261
Wellspring.ThirdFloor.EntranceSL, Wellspring, SpiritLight, 100, 37858, 59022, , -1252.2, -3681.8, -1252.1917, -3681.7656
Wellspring.ThirdFloor.TPSL, Wellspring, SpiritLight, 50, 37858, 2797, , -1316.6, -3663.6, -1316.5791, -3663.5505
Wellspring.ThirdFloor.Seed, Wellspring, Seed, , 14019, 24142, , -1185.4, -3668.8, -1185.4348, -3668.7515
Wellspring.ThirdFloor.SwimOre, Wellspring, GorlekOre, , 37858, 32932, , -1203.9, -3715.7, -1203.8998, -3715.6865
Wellspring.Escape.RevisitSL, Wellspring, SpiritLight, 100, 37858, 56444, , -1313.1, -3640.1, -1313.1079, -3640.099
Wellspring.EscapeReward, Wellspring, QuestItem, Water, 37858, 12379, , -481, -3763, -1159, -3635
Pools.Wheel.CurrentSL, Pools, SpiritLight, 100, 945, 10682, , -1047.3, -4216.8, -1047.3401, -4216.82
Pools.Wheel.HiddenSL, Pools, SpiritLight, 100, 945, 14530, , -940.7, -4144.7, -940.6959, -4144.7227
Pools.WellspringPath.MunchersHF, Pools, HealthFragment, , 945, 37243, , -850.6, -4195.6, -850.61, -4194.55
Pools.WellspringPath.BreakWallEF, Pools, EnergyFragment, , 945, 21334, , -924.3, -4169.5, -924.2717, -4168.4663
Pools.WellspringPath.CeilingSL, Pools, SpiritLight, 100, 945, 58723, , -894.4, -4137.2, -894.4155, -4137.1816
Pools.FirstBubble.Ore, Pools, GorlekOre, , 5377, 34852, , -1134.6, -4115.9, -1134.4833, -4115.717
Pools.KwoloksWisdom.Amulet, Pools, QuestItem, Amulet, 14019, 53103, , -1173, -4154, -1175.1, -4153.1
Pools.FirstBubble.CrushersSL, Pools, SpiritLight, 100, 5377, 13832, , -1176.4, -4177.9, -1176.3883, -4177.9414
Pools.LeverRoom.CurrentSL, Pools, SpiritLight, 100, 5377, 17396, , -1214.3, -4182.0, -1214.2803, -4181.966
Pools.LeverRoom.BreakFloorBubbleSL, Pools, SpiritLight, 100, 5377, 27204, , -1230.6, -4125.7, -1230.6019, -4125.742
Pools.CentralTPApproach.AboveDoorOre, Pools, GorlekOre, , 5377, 19694, , -1248.7, -4139.0, -1248.6624, -4139.0425
Pools.AboveCentralTP.PurpleWallHF, Pools, HealthFragment, , 5377, 63201, , -1277.9, -4086.0, -1277.9425, -4085.0483
Pools.HandToHand.Spyglass, Pools, QuestItem, Spyglass, 14019, 26318, 8, -1284, -4126, -1281.5, -4124.4
Pools.AboveCentralTP.SL, Pools, SpiritLight, 100, 5377, 7540, , -1336.2, -4102.9, -1336.2295, -4102.91
Pools.CentralTPSwim.Ore, Pools, GorlekOre, , 5377, 12235, , -1370.0, -4166.2, -1369.9664, -4166.21
Pools.CentralTPSwim.Shard, Pools, Shard, UltraBash, 23987, 25996, , -1284.6, -4196.2, -1284.62, -4195.23
Pools.WaterDashArena.HF, Pools, HealthFragment, , 5377, 45774, , -1365.2, -4109.5, -1365.1549, -4108.4673
Pools.SpiritTrial, Pools, RaceStart, 1000, 44964, 54686, 2, -1417, -4126, -1416.7532, -4124.448
Pools.TrialStart.Shard, Pools, Shard, EnergyHarvest, 5377, 40328, , -1441.4, -4129.7, -1441.3499, -4128.7153
Pools.Lupo.SL, Pools, SpiritLight, 100, 5377, 35440, , -1414.3, -4154.6, -1414.3197, -4154.631
Pools.LupoMap, Pools, Lupo, Pools, 48248, 1557, , -1391, -4167, -1391, -4167
Pools.Lupo.CrusherSL, Pools, SpiritLight, 100, 5377, 18345, , -1430.7, -4180.9, -1430.7302, -4180.8726
Pools.Seed, Pools, Seed, , 14019, 28662, , -1528.0, -4140.0, -1527.96, -4140
Pools.MissileKS, Pools, Keystone, , 5377, 46926, , -1576.1, -4125.4, -1576.125, -4125.4326
Pools.BubbleKS, Pools, Keystone, , 5377, 35091, , -1547.8, -4080.7, -1547.785, -4080.7402
Pools.SpikesKS, Pools, Keystone, , 5377, 16426, , -1537.9, -4074.0, -1537.88, -4074.0479
Pools.GrappleKS, Pools, Keystone, , 5377, 41881, , -1517.7, -4079.1, -1517.7151, -4079.0723
Pools.BubbleSpam.FishSL, Pools, SpiritLight, 50, 5377, 33110, , -1568.0, -4063.2, -1568.0227, -4063.1929
Pools.BubbleSpam.RightOre, Pools, GorlekOre, , 5377, 31434, , -1535.3, -4034.0, -1535.311, -4034.042
Pools.BubbleSpam.EF, Pools, EnergyFragment, , 5377, 1600, , -1643.0, -4002.7, -1643.001, -4001.6646
Pools.BubbleSpam.BreakWallSL, Pools, SpiritLight, 200, 5377, 628, , -1572.3, -4076.9, -1572.3201, -4076.915
Pools.BubbleSpam.LeftSL, Pools, SpiritLight, 100, 5377, 21860, , -1645.0, -4083.8, -1645.0286, -4083.81
Pools.WaterDashTree, Pools, Skill, WaterDash, 0, 104, , -1430, -4082, -1429.8096, -4077.332
Pools.WaterDashTree.CurrentSL, Pools, SpiritLight, 100, 5377, 52791, , -1468.1, -4098.2, -1468.1074, -4098.208
Pools.WaterDashTree.CeilingSL, Pools, SpiritLight, 100, 5377, 33180, , -1449.0, -4036.8, -1449.0184, -4036.8418
Pools.WaterDashDrain.EF, Pools, EnergyFragment, , 5377, 32750, , -1389.0, -4039.5, -1388.9896, -4038.5205
Pools.BossTP.SandSL, Pools, SpiritLight, 200, 5377, 62180, , -1654.9, -4188.9, -1654.9425, -4188.8804
Pools.Escape.RevisitOre, Pools, GorlekOre, , 5377, 65019, , -1769.9, -4125.0, -1769.8546, -4124.9766
Pools.BossTP.CeilingSL, Pools, SpiritLight, 50, 5377, 25391, , -1650.6, -4160.0, -1650.59, -4160.0103
Pools.Escape.RevisitSL, Pools, SpiritLight, 100, 5377, 44122, , -1654.7, -4142.7, -1654.6708, -4142.69
Pools.Wisp, Pools, Wisp, Strength, 945, 49747, , -1928, -4066, -1928, -4066
Woods.TreeKeeper.Branch, Woods, QuestItem, Branch, 14019, 59708, 1, 513, -4158, 513, -4158
Woods.FamilyReunion.Doll, Woods, QuestItem, Doll, 14019, 57399, , 426.7, -4114.9, 469.2, -4178
Woods.TreeKeeper.Seed, Woods, Seed, , 14019, 7470, , 513, -4159, 511, -4157
Woods.Entrance.AboveSwampSL, Woods, SpiritLight, 50, 58674, 8487, , 513.8, -4184.9, 513.7701, -4184.88
Woods.Entrance.Ore, Woods, GorlekOre, , 58674, 28710, , 410.5, -4173.8, 410.37, -4173.6704
Woods.Entrance.LeafPileSL, Woods, SpiritLight, 50, 58674, 22472, , 485.1, -4164.3, 485.1499, -4164.5
Woods.EntranceTP.SL, Woods, SpiritLight, 50, 58674, 59691, , 629.0, -4155.3, 629.00824, -4155.2783
Woods.FirstDoor.LowerKS, Woods, Keystone, , 58674, 40073, , 690.3, -4189.3, 690.28, -4189.34
Woods.FirstDoor.UpperKS, Woods, Keystone, , 58674, 11736, , 640.7, -4165.8, 640.70996, -4165.76
Woods.KuKSRoom.HiddenKS, Woods, Keystone, , 58674, 43033, , 955.7, -4147.9, 955.73, -4147.91
Woods.KuKSRoom.CorruptionKS, Woods, Keystone, , 58674, 19769, , 907.7, -4121.4, 907.7, -4121.4
Woods.KuKSRoom.BalloonKS, Woods, Keystone, , 58674, 42531, , 886.1, -4124.2, 886.07996, -4124.18
Woods.BelowKuKSRoom.KS, Woods, Keystone, , 58674, 780, , 929.7, -4185.4, 929.66003, -4185.39
Woods.BelowKuKSRoom.BreakWallOre, Woods, GorlekOre, , 58674, 26274, , 988.5, -4172.7, 988.50354, -4172.684
Woods.BelowKuKSRoom.LeafPileSL, Woods, SpiritLight, 50, 58674, 42158, , 948.2, -4210.1, 948.0668, -4209.026
Woods.KuKSRoom.LeafPileSL, Woods, SpiritLight, 50, 58674, 33893, , 951.0, -4168.8, 951.29, -4167.7886
Woods.Skull.LeafPileSL, Woods, SpiritLight, 100, 58674, 30908, , 967.4, -4141.8, 967.08997, -4141
Woods.BehindSkull.YellowWallSL, Woods, SpiritLight, 100, 58674, 59714, , 1069.2, -4099.4, 1069.1527, -4099.3555
Woods.BehindSkull.CeilingOre, Woods, GorlekOre, , 58674, 20713, , 1010.1, -4071.0, 1010.0652, -4070.9956
Woods.CollapsingOwl.SL, Woods, SpiritLight, 100, 58674, 54516, , 936.3, -4044.2, 936.2882, -4044.2256
Woods.BelowKuKSRoom.CeilingSL, Woods, SpiritLight, 50, 58674, 23186, , 941.8, -4185.9, 941.81433, -4185.8574
Woods.Skull.CeilingSL, Woods, SpiritLight, 100, 58674, 64057, , 968.6, -4123.3, 968.604, -4123.2627
Woods.PetrifiedHowl.SL, Woods, SpiritLight, 50, 58674, 17974, , 904.7, -4076.7, 904.6666, -4076.6702
Woods.SpiritTrial, Woods, RaceStart, 1000, 44964, 22703, 2, 820, -4047, 819.55, -4045.1
Woods.Trial.Shard, Woods, Shard, Overflow, 23987, 25183, , 826.6, -3940.1, 826.62494, -3939.051
Woods.CombatShrine, Woods, ShardSlot, , 58674, 29265, , 1361.1, -4064.0, 1361.1, -4063.04
Woods.Shrine.SL, Woods, SpiritLight, 100, 58674, 32647, , 1406.0, -4064.4, 1405.9546, -4064.3982
Woods.FeedingGrounds.SL, Woods, SpiritLight, 200, 58674, 64484, , 1464.3, -4007.6, 1464.3367, -4007.5527
Reach.BelowBaur.SL, Reach, SpiritLight, 50, 28895, 55384, , -400.9, -4052.8, -400.88, -4052.8
Reach.AboveBaur.SnaptrapSL, Reach, SpiritLight, 50, 28895, 24533, , -416.2, -3967.8, -416.19, -3967.8
Reach.AboveBaur.TongueSL, Reach, SpiritLight, 100, 28895, 3777, , -438.7, -3946.1, -438.7362, -3946.0852
Reach.BaurIcefall.Ore, Reach, GorlekOre, , 28895, 58675, , -483.2, -3974.4, -483.2151, -3974.413
Reach.BaurIcefall.SL, Reach, SpiritLight, 200, 28895, 45337, , -500.3, -3969.6, -500.32178, -3969.5947
Reach.LeverDoor.CeilingSL, Reach, SpiritLight, 50, 28895, 38143, , -337.4, -3999.1, -337.42447, -3999.0654
Reach.TPMortar.Ore, Reach, GorlekOre, , 28895, 47529, , -345.7, -3946.6, -345.74002, -3946.64
Reach.LupoMap, Reach, Lupo, Reach, 48248, 29604, , -275, -3996, -275, -3996
Reach.JuggleSoup.MeltIceSL, Reach, SpiritLight, 100, 28895, 4301, , -350.0, -4038.9, -349.97156, -4038.8848
Reach.JuggleSoup.SnowSL, Reach, SpiritLight, 50, 28895, 45066, , -330.6, -4051.7, -330.57, -4051.65
Reach.BelowTPMortar.SL, Reach, SpiritLight, 100, 28895, 36231, , -340.5, -3984.1, -340.5, -3984.111
Reach.GorlekFurnace.SL, Reach, SpiritLight, 100, 28895, 38049, , -282.5, -4012.5, -282.5, -4012.5
Reach.TPWind.BreakWallSL, Reach, SpiritLight, 200, 42178, 40609, , -194.0, -4042.6, -193.94995, -4042.6401
Reach.TPWind.BottomSL, Reach, SpiritLight, 50, 28895, 35045, , -216.4, -4056.8, -216.43994, -4056.77
Reach.TPWind.HiddenSL, Reach, SpiritLight, 50, 28895, 54373, , -204.5, -4011.0, -204.45996, -4010.98
Reach.HandToHand.Hat, Reach, QuestItem, Hat, 14019, 26318, 5, -244, -3989, -244, -3989
Reach.Snowball.SnowHF, Reach, HealthFragment, , 28895, 40744, , -190.0, -4016.8, -190.03845, -4015.8179
Reach.Snowball.CeilingSL, Reach, SpiritLight, 200, 28895, 53283, , -111.6, -3949.6, -111.589966, -3949.62
Reach.IceCave.CeilingSL, Reach, SpiritLight, 50, 28895, 46711, , -71.5, -3951.3, -71.52429, -3951.3071
Reach.IceCave.SwimShard, Reach, Shard, Fracture, 23987, 36359, , -81.2, -4000.7, -81.15991, -3999.6997
Reach.Escape.RevisitSL, Reach, SpiritLight, 200, 28895, 46404, , 69.5, -3730.0, 69.5, -3730.0
Reach.Wisp, Reach, Wisp, Memory, 28895, 25522, , -31, -3711, -31, -3711
Reach.Trial.RightKS, Reach, Keystone, , 28895, 29898, , 34.1, -4024.8, 34.109863, -4024.8003
Reach.TrialLeftLoop.TopKS, Reach, Keystone, , 28895, 10823, , -83.6, -4024.8, -83.56006, -4024.8403
Reach.Trial.DeadEndKS, Reach, Keystone, , 28895, 37444, , -80.6, -4040.1, -80.55005, -4040.1401
Reach.TrialLeftLoop.BottomKS, Reach, Keystone, , 28895, 18358, , -58.0, -4054.9, -58.03015, -4054.9102
Reach.Trial.HiddenSL, Reach, SpiritLight, 100, 28895, 22761, , -38.7, -4017.7, -38.670044, -4017.73
Reach.SpiritTrial, Reach, RaceStart, 1000, 44964, 23661, 2, 75, -4046, 76.59375, -4035.2827
Reach.Veral.Shard, Reach, Shard, Catalyst, 23987, 897, , -90.2, -4096.5, -90.165726, -4095.3179
Reach.HandToHand.Soup, Reach, QuestItem, Soup, 14019, 26318, 4, -110, -4090, -110, -4090
Reach.BurrowRoom.Shard, Reach, Shard, Lifeforce, 23987, 19630, , -400.8, -3860.5, -400.7699, -3859.5312
Reach.BurrowRoom.ShardSL, Reach, SpiritLight, 100, 28287, 32414, , -423.2, -3876.4, -423.21375, -3876.4019
Reach.TopKSRoom.TongueKS, Reach, Keystone, , 28895, 1053, , -247.9, -3891.2, -247.87695, -3891.165
Reach.TopKSRoom.CeilingKS, Reach, Keystone, , 28895, 50368, , -206.7, -3842.5, -206.73999, -3842.5005
Reach.TopKSRoom.SnaptrapKS, Reach, Keystone, , 28895, 22382, , -231.5, -3868.9, -231.5, -3868.9
Reach.TopKSRoom.IcefallKS, Reach, Keystone, , 28895, 9949, , -184.3, -3867.7, -184.33997, -3867.69
Reach.TopKSRoom.SoupOre, Reach, GorlekOre, , 28895, 23795, , -202.6, -3885.4, -202.60999, -3885.4302
Reach.TopKSRoom.SwingPoleSL, Reach, SpiritLight, 100, 28895, 40089, , -193.7, -3854.4, -193.71997, -3854.3901
Reach.TopKSRoom.SwimSL, Reach, SpiritLight, 100, 28895, 40242, , -239.4, -3920.6, -239.36255, -3920.6006
Reach.GrenadeTree, Reach, Skill, Grenade, 0, 51, , -106, -3934, -106.45276, -3928.5732
Reach.GrenadeTree.Ore, Reach, GorlekOre, , 28895, 39291, , -86.5, -3903.3, -86.392334, -3902.9707
Reach.GrenadeTree.WellSL, Reach, SpiritLight, 50, 28895, 7597, , -71.2, -3926.7, -71.150024, -3926.6802
Reach.Seed, Reach, Seed, , 14019, 32376, , -103.4, -3857.3, -34, -3924
Reach.GrenadeTree.MeltIceSL, Reach, SpiritLight, 200, 28895, 2129, , -172.4, -3928.0, -172.36182, -3927.9844
Depths.Wind.SpikesSL, Depths, SpiritLight, 100, 18793, 19004, , 171.7, -4357.5, 171.74329, -4357.468
Depths.BehindWind.CeilingSL, Depths, SpiritLight, 100, 18793, 15396, , 146.3, -4374.6, 146.26799, -4374.602
Depths.BehindWind.CeilingOre, Depths, GorlekOre, , 18793, 35351, , 185.5, -4379.4, 185.49295, -4379.406
Depths.FirstKSRoom.RightKS, Depths, Keystone, , 18793, 1914, , 316.6, -4453.2, 316.56, -4453.2207
Depths.FirstKSRoom.LeftKS, Depths, Keystone, , 18793, 58148, , 146.1, -4425.7, 146.07999, -4425.6797
Depths.FirstKSRoom.SwimEF, Depths, EnergyFragment, , 18793, 26618, , 135.1, -4456.0, 135.11, -4454.84
Depths.TP.LeftSL, Depths, SpiritLight, 100, 18793, 29979, , 480.8, -4380.4, 480.76, -4380.42
Depths.SecondKSRoom.LeftKS, Depths, Keystone, , 18793, 53953, , 498.3, -4463.2, 498.3457, -4463.235
Depths.SecondKSRoom.RightKS, Depths, Keystone, , 18793, 23986, , 523.8, -4465.1, 523.7621, -4465.0635
Depths.Seed, Depths, Seed, , 14019, 8192, , 488.0, -4431.6, 488.01028, -4431.5796
Depths.MoraPath.SL, Depths, SpiritLight, 200, 18793, 18395, , 567.3, -4443.4, 567.33655, -4443.362
Depths.SecondKSRoom.HF, Depths, HealthFragment, , 18793, 42235, , 530.9, -4451.7, 530.8901, -4450.72
Depths.IlluminableTunnel.HiveSL, Depths, SpiritLight, 100, 18793, 6573, , 425.4, -4384.8, 425.41998, -4384.77
Depths.Wisp, Depths, Wisp, Eyes, 18793, 63291, , 687, -4386, 687, -4386
Depths.TrialStart.HF, Depths, HealthFragment, , 18793, 62694, , 496.4, -4498.2, 496.37314, -4497.1514
Depths.SpiritTrial, Depths, RaceStart, 1000, 44964, 28552, 2, 478, -4517, 478.3, -4515.7
Depths.BeforeTrialLoop.Ore, Depths, GorlekOre, , 18793, 836, , 437.0, -4507.1, 436.98193, -4507.07
Depths.TrialLoop.Shard, Depths, Shard, SpiritSurge, 23987, 986, , 564.2, -4570.2, 564.18604, -4569.2515
Depths.HandToHand.Silk, Depths, QuestItem, Silk, 14019, 26318, 7, 317, -4508, 317, -4508
Depths.CombatShrine, Depths, ShardSlot, , 18793, 31937, , 212.8, -4511.1, 212.81, -4510.07
Depths.Shrine.SwimEF, Depths, EnergyFragment, , 18793, 28175, , 324.7, -4534.8, 324.6847, -4533.8354
Depths.LupoMap, Depths, Lupo, Depths, 48248, 48423, , 682, -4576, 682, -4576
Depths.BeforeTrialLoop.SL, Depths, SpiritLight, 100, 18793, 2881, , 385.8, -4523.5, 385.8384, -4523.4575
Depths.FlashTree.SL, Depths, SpiritLight, 200, 18793, 23799, , 798.7, -4513.1, 798.72, -4513.07
Depths.FlashTree, Depths, Skill, Flash, 0, 62, , 776, -4541, 776.4115, -4536.4595
Wastes.FeedingGrounds.Ore, Wastes, GorlekOre, , 7228, 54494, , 1504.3, -4007.0, 1504.34, -4006.9902
Wastes.TornBridge.PurpleWallSL, Wastes, SpiritLight, 100, 7228, 56821, , 1534.1, -3996.6, 1534.09, -3996.6396
Wastes.TornBridge.HiddenSL, Wastes, SpiritLight, 100, 7228, 52086, , 1607.3, -3974.5, 1607.25, -3974.4702
Wastes.SpiritTrial, Wastes, RaceStart, 1000, 44964, 30767, 2, 1527, -4009, 1526.2, -4007.7002
Wastes.DigSite.Ore, Wastes, GorlekOre, , 20120, 46919, , 1657.9, -3972.7, 1657.88, -3972.6895
Wastes.RoughDiamond.Gem, Wastes, QuestItem, Gem, 14019, 58342, , 1640.4, -4004.1, 1640.4, -4004.1
Wastes.SandMuncherTunnel.EF, Wastes, EnergyFragment, , 20120, 11785, , 1652.9, -4014.4, 1652.92, -4013.37
Wastes.SandPot.HF, Wastes, HealthFragment, , 20120, 62264, , 1698.3, -3976.8, 1698.3113, -3975.7695
Wastes.SandPot.SL, Wastes, SpiritLight, 100, 20120, 57781, , 1718.8, -3961.0, 1718.82, -3961
Wastes.BelowBridge.SL, Wastes, SpiritLight, 100, 20120, 10397, , 1795.1, -3997.7, 1795.0698, -3997.7295
Wastes.RuinsShortcut.SL, Wastes, SpiritLight, 200, 20120, 224, , 1886.7, -3972.6, 1886.6628, -3972.5933
Wastes.RuinsShortcut.HF, Wastes, HealthFragment, , 20120, 12941, , 1859.5, -4020.9, 1859.4789, -4019.8506
Wastes.SandPuzzle.Shard, Wastes, Shard, LastStand, 23987, 50364, , 1832.9, -3934.8, 1832.9, -3933.81
Wastes.SandPuzzle.ShardSL, Wastes, SpiritLight, 200, 20120, 33275, , 1840.0, -3907.9, 1839.97, -3907.92
Wastes.GrappleMuncherClimb.SL, Wastes, SpiritLight, 50, 20120, 57133, , 1765.0, -3921.5, 1765, -3921.5
Wastes.TrialToTreeTunnel.SL, Wastes, SpiritLight, 100, 20120, 8910, , 1642.1, -3944.1, 1642.1178, -3944.0781
Wastes.HandToHand.Mapstone, Wastes, QuestItem, Mapstone, 14019, 26318, 10, 1685, -3923, 1685, -3923
Wastes.LupoMap, Wastes, Lupo, Wastes, 48248, 61146, , 1647, -3899, 1647, -3899
Wastes.BurrowTree, Wastes, Skill, Burrow, 0, 101, , 1583, -3930, 1582.2701, -3924.0415
Wastes.BurrowTree.SL, Wastes, SpiritLight, 100, 20120, 19113, , 1600.9, -3953.7, 1600.9083, -3953.6802
Wastes.TreeToCentralTPArc.SandEF, Wastes, EnergyFragment, , 20120, 50026, , 1778.3, -3873.8, 1778.3434, -3872.7769
Wastes.TreeToCentralTPArc.FloatingSL, Wastes, SpiritLight, 100, 20120, 48829, , 1810.3, -3883.9, 1810.3274, -3883.9126
Wastes.TreeToCentralTPArc.HiddenSL, Wastes, SpiritLight, 200, 20120, 17798, , 1861.5, -3873.0, 1861.5, -3873
Wastes.TreeToCentralTPArc.SandHF, Wastes, HealthFragment, , 20120, 59046, , 1852.6, -3907.8, 1852.5974, -3906.812
Wastes.CentralTP.BreakWallOre, Wastes, GorlekOre, , 20120, 40245, , 1930.1, -3878.0, 1930.075, -3877.9897
Wastes.KSRoom.LowerKS, Wastes, Keystone, , 7228, 20282, , 1877.0, -3843.5, 1877.01, -3843.5098
Wastes.KSRoom.UpperKS, Wastes, Keystone, , 7228, 62117, , 1822.9, -3768.1, 1822.88, -3768.0898
Wastes.KSRoom.Shard, Wastes, Shard, Turmoil, 23987, 48605, , 1778.5, -3782.6, 1778.5, -3781.6401
Wastes.KSRoom.SL, Wastes, SpiritLight, 100, 7228, 35329, , 1907.4, -3805.7, 1907.404, -3805.7476
Wastes.MissilePuzzles.EntranceEF, Wastes, EnergyFragment, , 20120, 22354, , 1948.9, -3777.6, 1948.85, -3776.6396
Wastes.MissilePuzzles.EntranceSL, Wastes, SpiritLight, 100, 20120, 30740, , 1951.5, -3838.9, 1951.5122, -3838.94
Wastes.MissilePuzzles.PurpleWallSL, Wastes, SpiritLight, 100, 20120, 52812, , 2006.5, -3826.0, 2006.5366, -3826.0234
Wastes.MissilePuzzles.PurpleWallHF, Wastes, HealthFragment, , 20120, 18965, , 2027.6, -3842.6, 2027.5658, -3841.6318
Wastes.BeforeSpinLasers.SpikesSL, Wastes, SpiritLight, 100, 20120, 2013, , 2026.3, -3728.9, 2026.2705, -3728.9238
Wastes.BeforeSpinLasers.SandSL, Wastes, SpiritLight, 200, 7228, 54275, , 2006.2, -3725.4, 2006.21, -3725.4
Wastes.SpinLasers.MiddleSL, Wastes, SpiritLight, 100, 7228, 48993, , 1947.8, -3729.6, 1947.77, -3729.5498
Wastes.SpinLasers.LowerSL, Wastes, SpiritLight, 100, 7228, 61548, , 1935.2, -3755.1, 1935.16, -3755.1
Wastes.Seed, Wastes, Seed, , 14019, 20601, , 1995.7, -3650.6, 1995.6826, -3650.5928
Wastes.OutsideRuins.Ore, Wastes, GorlekOre, , 7228, 8370, , 1951.6, -3615.8, 1951.6055, -3615.8252
Ruins.Escape.RevisitEF, Ruins, EnergyFragment, , 10289, 44555, , 2053.7, -4050.2, 2053.74, -4049.1924
Ruins.Wisp, Ruins, Wisp, Seir, 10289, 22102, , 2151, -3568, 2151, -3568
Ruins.HandToHand.Reward, Ruins, QuestItem, Secrets, 14019, 26318, 11, 1969, -4024, 1969, -4024
Woods.LaunchTree.ElementalOre, Woods, GorlekOre, , 36153, 3013, , 1305.5, -3732.6, 1305.48, -3732.58
Woods.LaunchTree, Woods, Skill, Launch, 0, 8, , 1363, -3815, 1362.97, -3809.77
Woods.LaunchTree.RightSL, Woods, SpiritLight, 200, 36153, 36521, , 1381.9, -3767.2, 1381.8734, -3767.157
Woods.LaunchTree.PortalSL, Woods, SpiritLight, 200, 36153, 12077, , 1331.1, -3797.6, 1331.0848, -3797.5515
Willow.SecretPortal.Ore, Willow, GorlekOre, , 16155, 38979, , 557.0, -3876.3, 556.97656, -3876.315
Willow.Entrance.SL, Willow, SpiritLight, 200, 16155, 49381, , 469.5, -3914.6, 469.46002, -3914.6375
Willow.MossWheelsHeart.HF, Willow, HealthFragment, , 16155, 46270, , 410.8, -3972.5, 410.8423, -3971.4604
Willow.LupoMap, Willow, Lupo, Willow, 48248, 4045, , 474, -3859, 474, -3859
Willow.WindHeart.SpinOre, Willow, GorlekOre, , 16155, 9230, , 326.1, -3810.4, 326.07446, -3810.4468
Willow.RedirectHeart.SL, Willow, SpiritLight, 200, 16155, 55446, , 653.6, -3780.1, 653.57104, -3780.0996
Willow.TopHeart.LeftSL, Willow, SpiritLight, 200, 36153, 23902, , 433.5, -3639.7, 433.44998, -3639.69
Willow.TopHeart.RightSL, Willow, SpiritLight, 200, 36153, 3662, , 540.3, -3655.0, 540.25415, -3654.963
Shop.Twillen.Slot1, Shop, Twillen, , 2, 26, , , , ,
Shop.Twillen.Slot2, Shop, Twillen, , 2, 22, , , , ,
Shop.Twillen.Slot3, Shop, Twillen, , 2, 3, , , , ,
Shop.Twillen.Slot4, Shop, Twillen, , 2, 40, , , , ,
Shop.Twillen.Slot5, Shop, Twillen, , 2, 19, , , , ,
Shop.Twillen.Slot6, Shop, Twillen, , 2, 1, , , , ,
Shop.Twillen.Slot7, Shop, Twillen, , 2, 5, , , , ,
Shop.Twillen.Slot8, Shop, Twillen, , 2, 2, , , , ,
Shop.Opher.Slot1, Shop, Opher, , 1, 116, , , , ,
Shop.Opher.Slot2, Shop, Opher, , 1, 1116, , , , ,
Shop.Opher.Slot3, Shop, Opher, , 1, 98, , , , ,
Shop.Opher.Slot4, Shop, Opher, , 1, 1098, , , , ,
Shop.Opher.Slot5, Shop, Opher, , 1, 106, , , , ,
Shop.Opher.Slot6, Shop, Opher, , 1, 1106, , , , ,
Shop.Opher.Slot7, Shop, Opher, , 1, 74, , , , ,
Shop.Opher.Slot8, Shop, Opher, , 1, 1074, , , , ,
Shop.Opher.Slot9, Shop, Opher, , 1, 115, , , , ,
Shop.Opher.Slot10, Shop, Opher, , 1, 1115, , , , ,
Shop.Opher.Slot11, Shop, Opher, , 1, 23, , , , ,
Shop.Opher.Slot12, Shop, Opher, , 1, 105, , , , ,
Shop.Lupo.Slot1, Shop, Lupo, Glades, 15, 19396, , , , ,
Shop.Lupo.Slot2, Shop, Lupo, Glades, 15, 57987, , , , ,
Shop.Lupo.Slot3, Shop, Lupo, Glades, 15, 41666, , , , ,
